{
  "random": {
    "label": "踞샙꿉쫠",
    "mean_reward": 20.05,
    "std_reward": 10.224847187122162,
    "mean_length": 20.05,
    "rewards": [
      8.0,
      23.0,
      43.0,
      33.0,
      10.0,
      12.0,
      11.0,
      25.0,
      25.0,
      19.0,
      12.0,
      12.0,
      15.0,
      13.0,
      11.0,
      26.0,
      18.0,
      34.0,
      39.0,
      12.0
    ]
  },
  "rule_based": {
    "label": "방橙왠齡포",
    "mean_reward": 225.5,
    "std_reward": 29.126448461836194,
    "mean_length": 225.5,
    "rewards": [
      191.0,
      202.0,
      204.0,
      228.0,
      199.0,
      257.0,
      253.0,
      193.0,
      246.0,
      235.0,
      205.0,
      234.0,
      202.0,
      188.0,
      293.0,
      243.0,
      191.0,
      269.0,
      237.0,
      240.0
    ]
  },
  "lqr": {
    "label": "LQR왠齡포",
    "mean_reward": 40.9,
    "std_reward": 7.38173421358423,
    "mean_length": 40.9,
    "rewards": [
      41.0,
      51.0,
      35.0,
      36.0,
      25.0,
      39.0,
      32.0,
      34.0,
      45.0,
      48.0,
      51.0,
      43.0,
      49.0,
      52.0,
      35.0,
      51.0,
      39.0,
      39.0,
      36.0,
      37.0
    ]
  },
  "dqn": {
    "label": "DQN",
    "mean_reward": 10.15,
    "rewards": [
      11.0,
      11.0,
      9.0,
      9.0,
      9.0,
      10.0,
      10.0,
      10.0,
      11.0,
      10.0,
      9.0,
      10.0,
      11.0,
      9.0,
      9.0,
      11.0,
      12.0,
      10.0,
      11.0,
      11.0
    ]
  },
  "ppo": {
    "label": "PPO",
    "mean_reward": 500.0,
    "rewards": [
      500.0,
      500.0,
      500.0,
      500.0,
      500.0,
      500.0,
      500.0,
      500.0,
      500.0,
      500.0,
      500.0,
      500.0,
      500.0,
      500.0,
      500.0,
      500.0,
      500.0,
      500.0,
      500.0,
      500.0
    ]
  }
}